timeStamp,elapsed,label,responseCode,responseMessage,threadName,dataType,success,failureMessage,bytes,sentBytes,grpThreads,allThreads,URL,Latency,IdleTime,Connect
1627886773596,1120,HomePageHttpLoadRequest,200,OK,OffPeakLoadThreadGroup 2-1,text,true,,21769,122,2,2,https://demo.opencart.com/,914,0,60
1627886774593,1100,HomePageHttpLoadRequest,200,OK,OffPeakLoadThreadGroup 2-2,text,true,,21769,122,2,2,https://demo.opencart.com/,916,0,26
1627886775593,1102,HomePageHttpLoadRequest,200,OK,OffPeakLoadThreadGroup 2-3,text,true,,21769,122,2,2,https://demo.opencart.com/,939,0,29
1627886776593,1100,HomePageHttpLoadRequest,200,OK,OffPeakLoadThreadGroup 2-4,text,true,,21769,122,2,2,https://demo.opencart.com/,963,0,31
1627886777591,1102,HomePageHttpLoadRequest,200,OK,OffPeakLoadThreadGroup 2-5,text,true,,21769,122,2,2,https://demo.opencart.com/,881,0,33
1627886778593,1126,HomePageHttpLoadRequest,200,OK,OffPeakLoadThreadGroup 2-6,text,true,,21769,122,2,2,https://demo.opencart.com/,1005,0,32
1627886779594,1113,HomePageHttpLoadRequest,200,OK,OffPeakLoadThreadGroup 2-7,text,true,,21769,122,2,2,https://demo.opencart.com/,932,0,40
1627886780595,1152,HomePageHttpLoadRequest,200,OK,OffPeakLoadThreadGroup 2-8,text,true,,21761,122,2,2,https://demo.opencart.com/,955,0,29
1627886781593,1108,HomePageHttpLoadRequest,200,OK,OffPeakLoadThreadGroup 2-9,text,true,,21776,122,2,2,https://demo.opencart.com/,980,0,32
1627886782592,1109,HomePageHttpLoadRequest,200,OK,OffPeakLoadThreadGroup 2-10,text,true,,21769,122,1,1,https://demo.opencart.com/,904,0,25
